<?xml version="1.0"?>
<doc>
    <assembly>
        <name>Bond.IO</name>
    </assembly>
    <members>
        <member name="T:Bond.IO.Unsafe.InputBuffer">
            <summary>
            Implements IInputStream on top of memory buffer
            </summary>
        </member>
        <member name="M:Bond.IO.Unsafe.InputBuffer.Clone">
            <summary>
            Create a clone of the current state of the buffer
            </summary>
        </member>
        <member name="M:Bond.IO.Unsafe.InputBuffer.ReadUInt16">
            <summary>
            Read little-endian encoded 16-bit unsigned integer
            </summary>
            <exception cref="T:System.IO.EndOfStreamException"/>
        </member>
        <member name="M:Bond.IO.Unsafe.InputBuffer.ReadUInt32">
            <summary>
            Read little-endian encoded 32-bit unsigned integer
            </summary>
            <exception cref="T:System.IO.EndOfStreamException"/>
        </member>
        <member name="M:Bond.IO.Unsafe.InputBuffer.ReadUInt64">
            <summary>
            Read little-endian encoded 64-bit unsigned integer
            </summary>
            <exception cref="T:System.IO.EndOfStreamException"/>
        </member>
        <member name="M:Bond.IO.Unsafe.InputBuffer.ReadFloat">
            <summary>
            Read little-endian encoded single precision IEEE 754 float
            </summary>
            <exception cref="T:System.IO.EndOfStreamException"/>
        </member>
        <member name="M:Bond.IO.Unsafe.InputBuffer.ReadDouble">
            <summary>
            Read little-endian encoded double precision IEEE 754 float
            </summary>
            <exception cref="T:System.IO.EndOfStreamException"/>
        </member>
        <member name="T:Bond.IO.Unsafe.InputPointer">
            <summary>
            Implements IInputStream on top of unmanaged memory buffer
            </summary>
        </member>
        <member name="M:Bond.IO.Unsafe.InputPointer.Clone">
            <summary>
            Create a clone of the current state of the buffer
            </summary>
        </member>
        <member name="P:Bond.IO.Unsafe.InputPointer.Length">
            <summary>
            Gets the length in bytes of the buffer
            </summary>
        </member>
        <member name="P:Bond.IO.Unsafe.InputPointer.Position">
            <summary>
            Gets or sets the position within the buffer
            </summary>
        </member>
        <member name="M:Bond.IO.Unsafe.InputPointer.SkipBytes(System.Int32)">
            <summary>
            Skip forward specified number of bytes
            </summary>
            <param name="count">Number of bytes to skip</param>
        </member>
        <member name="M:Bond.IO.Unsafe.InputPointer.ReadUInt8">
            <summary>
            Read 8-bit unsigned integer
            </summary>
            <exception cref="T:System.IO.EndOfStreamException"/>
        </member>
        <member name="M:Bond.IO.Unsafe.InputPointer.ReadUInt16">
            <summary>
            Read little-endian encoded 16-bit unsigned integer
            </summary>
            <exception cref="T:System.IO.EndOfStreamException"/>
        </member>
        <member name="M:Bond.IO.Unsafe.InputPointer.ReadUInt32">
            <summary>
            Read little-endian encoded 32-bit unsigned integer
            </summary>
            <exception cref="T:System.IO.EndOfStreamException"/>
        </member>
        <member name="M:Bond.IO.Unsafe.InputPointer.ReadUInt64">
            <summary>
            Read little-endian encoded 64-bit unsigned integer
            </summary>
            <exception cref="T:System.IO.EndOfStreamException"/>
        </member>
        <member name="M:Bond.IO.Unsafe.InputPointer.ReadFloat">
            <summary>
            Read little-endian encoded single precision IEEE 754 float
            </summary>
            <exception cref="T:System.IO.EndOfStreamException"/>
        </member>
        <member name="M:Bond.IO.Unsafe.InputPointer.ReadDouble">
            <summary>
            Read little-endian encoded double precision IEEE 754 float
            </summary>
            <exception cref="T:System.IO.EndOfStreamException"/>
        </member>
        <member name="M:Bond.IO.Unsafe.InputPointer.ReadBytes(System.Int32)">
            <summary>
            Read an array of bytes verbatim
            </summary>
            <param name="count">Number of bytes to read</param>
            <exception cref="T:System.IO.EndOfStreamException"/>
        </member>
        <member name="M:Bond.IO.Unsafe.InputPointer.ReadVarUInt16">
            <summary>
            Read variable encoded 16-bit unsigned integer
            </summary>
            <exception cref="T:System.IO.EndOfStreamException"/>
        </member>
        <member name="M:Bond.IO.Unsafe.InputPointer.ReadVarUInt32">
            <summary>
            Read variable encoded 32-bit unsigned integer
            </summary>
            <exception cref="T:System.IO.EndOfStreamException"/>
        </member>
        <member name="M:Bond.IO.Unsafe.InputPointer.ReadVarUInt64">
            <summary>
            Read variable encoded 64-bit unsigned integer
            </summary>
            <exception cref="T:System.IO.EndOfStreamException"/>
        </member>
        <member name="M:Bond.IO.Unsafe.InputPointer.ReadString(System.Text.Encoding,System.Int32)">
            <summary>
            Read UTF-8 or UTF-16 encoded string
            </summary>
            <param name="encoding">String encoding</param>
            <param name="size">Size of payload in bytes</param>
        </member>
        <member name="T:Bond.IO.Unsafe.InputStream">
            <summary>
            Implements IInputStream on top of System.Stream
            </summary>
        </member>
        <member name="M:Bond.IO.Unsafe.InputStream.Clone">
            <summary>
            Create a clone of the current state of the buffer
            </summary>
        </member>
        <member name="M:Bond.IO.Unsafe.InputStream.ReadBytes(System.Int32)">
            <summary>
            Read an array of bytes verbatim
            </summary>
            <param name="count">Number of bytes to read</param>
            <exception cref="T:System.IO.EndOfStreamException"/>
        </member>
        <member name="M:Bond.IO.Unsafe.InputStream.AdvanceUnderlyingStream(System.Int32,System.Byte[])">
            <summary>
            Advances the underlying stream by <paramref name="count"/> bytes.
            </summary>
            <remarks>Correctly handles streams that cannot Seek.</remarks>
            <param name="count">The number of bytes to advance.</param>
            <param name="scratchBuffer">
            An already allocated buffer to use if dummy reads need to be
            performed.
            </param>
        </member>
        <member name="T:Bond.IO.Unsafe.IntegerHelper">
            <summary>
            Helper methods for encoding and decoding integer values.
            </summary>
        </member>
        <member name="T:Bond.IO.Unsafe.OutputBuffer">
            <summary>
            Implements IOutputStream on top of memory buffer
            </summary>
        </member>
        <member name="M:Bond.IO.Unsafe.OutputBuffer.WriteUInt32(System.UInt32)">
            <summary>
            Write little-endian encoded 32-bit unsigned integer
            </summary>
        </member>
        <member name="M:Bond.IO.Unsafe.OutputBuffer.WriteUInt64(System.UInt64)">
            <summary>
            Write little-endian encoded 64-bit unsigned integer
            </summary>
        </member>
        <member name="M:Bond.IO.Unsafe.OutputBuffer.WriteFloat(System.Single)">
            <summary>
            Write little-endian encoded single precision IEEE 754 float
            </summary>
        </member>
        <member name="M:Bond.IO.Unsafe.OutputBuffer.WriteDouble(System.Double)">
            <summary>
            Write little-endian encoded double precision IEEE 754 float
            </summary>
        </member>
        <member name="T:Bond.IO.Unsafe.OutputPointer">
            <summary>
            Implements IOutputStream on top of unmanaged memory buffer
            </summary>
        </member>
        <member name="P:Bond.IO.Unsafe.OutputPointer.Data">
            <summary>
            Gets data inside the buffer
            </summary>
        </member>
        <member name="P:Bond.IO.Unsafe.OutputPointer.Position">
            <summary>
            Gets or sets the current position within the buffer
            </summary>
        </member>
        <member name="M:Bond.IO.Unsafe.OutputPointer.WriteUInt8(System.Byte)">
            <summary>
            Write 8-bit unsigned integer
            </summary>
        </member>
        <member name="M:Bond.IO.Unsafe.OutputPointer.WriteUInt16(System.UInt16)">
            <summary>
            Write little-endian encoded 16-bit unsigned integer
            </summary>
        </member>
        <member name="M:Bond.IO.Unsafe.OutputPointer.WriteUInt32(System.UInt32)">
            <summary>
            Write little-endian encoded 32-bit unsigned integer
            </summary>
        </member>
        <member name="M:Bond.IO.Unsafe.OutputPointer.WriteUInt64(System.UInt64)">
            <summary>
            Write little-endian encoded 64-bit unsigned integer
            </summary>
        </member>
        <member name="M:Bond.IO.Unsafe.OutputPointer.WriteFloat(System.Single)">
            <summary>
            Write little-endian encoded single precision IEEE 754 float
            </summary>
        </member>
        <member name="M:Bond.IO.Unsafe.OutputPointer.WriteDouble(System.Double)">
            <summary>
            Write little-endian encoded double precision IEEE 754 float
            </summary>
        </member>
        <member name="M:Bond.IO.Unsafe.OutputPointer.WriteBytes(System.ArraySegment{System.Byte})">
            <summary>
            Write an array of bytes verbatim
            </summary>
            <param name="bytes">Array segment specifying bytes to write</param>
        </member>
        <member name="M:Bond.IO.Unsafe.OutputPointer.WriteVarUInt16(System.UInt16)">
            <summary>
            Write variable encoded 16-bit unsigned integer
            </summary>
        </member>
        <member name="M:Bond.IO.Unsafe.OutputPointer.WriteVarUInt32(System.UInt32)">
            <summary>
            Write variable encoded 32-bit unsigned integer
            </summary>
        </member>
        <member name="M:Bond.IO.Unsafe.OutputPointer.WriteVarUInt64(System.UInt64)">
            <summary>
            Write variable encoded 64-bit unsigned integer
            </summary>
        </member>
        <member name="M:Bond.IO.Unsafe.OutputPointer.WriteString(System.Text.Encoding,System.String,System.Int32)">
            <summary>
            Write UTF-8 or UTF-16 encoded string
            </summary>
            <param name="encoding">String encoding</param>
            <param name="value">String value</param>
            <param name="size">Size in bytes of encoded string</param>
        </member>
        <member name="T:Bond.IO.Unsafe.OutputStream">
            <summary>
            Implements IOutputStream on top of System.Stream
            </summary>
        </member>
        <member name="M:Bond.IO.Unsafe.OutputStream.Flush">
            <summary> 
            Flush the buffer to the stream.
            </summary>
            <remarks> 
            Does NOT flush the stream. That may not be advisable unless you
            know the alignment and transactional behavior of the storage
            medium, so the caller remains separately responsible for that logic
            if they need it.
            </remarks>
        </member>
        <member name="M:Bond.IO.Unsafe.OutputStream.WriteBytes(System.ArraySegment{System.Byte})">
            <summary>
            Write an array of bytes verbatim
            </summary>
            <param name="data">Array segment specifying bytes to write</param>
        </member>
        <member name="M:Bond.IO.Unsafe.OutputStream.WriteString(System.Text.Encoding,System.String,System.Int32)">
            <summary>
            Write UTF-8 or UTF-16 encoded string
            </summary>
            <param name="encoding">String encoding</param>
            <param name="value">String value</param>
            <param name="size">Size in bytes of encoded string</param>
        </member>
    </members>
</doc>
